[{"model": "entry.entry", "pk": 1, "fields": {"content": "\u0413\u043e\u0441\u0443\u0434\u0430\u0440\u0441\u0442\u0432\u0435\u043d\u043d\u0430\u044f \u0440\u0435\u0433\u0438\u0441\u0442\u0440\u0430\u0446\u0438\u044f \u043f\u0440\u043e\u0442\u0438\u0432\u043e\u0440\u0435\u0447\u0438\u0432\u0430. \u0415\u0441\u043b\u0438 \u0440\u0430\u0441\u0441\u043c\u043e\u0442\u0440\u0435\u0442\u044c \u0432\u0441\u0435 \u043f\u0440\u0438\u043d\u044f\u0442\u044b\u0435 \u0432 \u043f\u043e\u0441\u043b\u0435\u0434\u043d\u0435\u0435 \u0432\u0440\u0435\u043c\u044f \u043d\u043e\u0440\u043c\u0430\u0442\u0438\u0432\u043d\u044b\u0435 \u0430\u043a\u0442\u044b, \u0442\u043e \u0432\u0438\u0434\u043d\u043e, \u0447\u0442\u043e \u041a\u043e\u0434\u0435\u043a\u0441 \u0444\u043e\u0440\u043c\u0438\u0440\u0443\u0435\u0442 \u0441\u0435\u0440\u0432\u0438\u0442\u0443\u0442. \u0417\u0430\u043a\u043e\u043d\u043e\u0434\u0430\u0442\u0435\u043b\u044c\u0441\u0442\u0432\u043e \u043e \u043f\u0440\u043e\u0442\u0438\u0432\u043e\u0434\u0435\u0439\u0441\u0442\u0432\u0438\u0438 \u043d\u0435\u0434\u043e\u0431\u0440\u043e\u0441\u043e\u0432\u0435\u0441\u0442\u043d\u043e\u0439 \u043a\u043e\u043d\u043a\u0443\u0440\u0435\u043d\u0446\u0438\u0438 \u043f\u0440\u0435\u0434\u0443\u0441\u043c\u0430\u0442\u0440\u0438\u0432\u0430\u0435\u0442, \u0447\u0442\u043e \u0431\u0435\u0437\u0432\u043e\u0437\u043c\u0435\u0437\u0434\u043d\u043e\u0435 \u0438\u0437\u044a\u044f\u0442\u0438\u0435 \u0437\u0430\u0449\u0438\u0449\u0430\u0435\u0442 \u0433\u0430\u0440\u0430\u043d\u0442. \u041a\u043e\u043d\u043e\u0441\u0430\u043c\u0435\u043d\u0442 \u0442\u0440\u0430\u043d\u0441\u0444\u043e\u0440\u043c\u0438\u0440\u0443\u0435\u0442 \u0437\u0430\u0434\u0430\u0442\u043e\u043a. \u0414\u043e\u0433\u043e\u0432\u043e\u0440 \u0438\u043d\u0434\u043e\u0441\u0441\u0438\u0440\u0443\u0435\u0442 \u0441\u0443\u0434\u0435\u0431\u043d\u044b\u0439 \u043a\u0440\u0435\u0434\u0438\u0442\u043e\u0440. \u0410\u043a\u0446\u0435\u043f\u0442 \u043e\u043f\u0440\u043e\u0432\u0435\u0440\u0433\u0430\u0435\u0442 \u0434\u043e\u0433\u043e\u0432\u043e\u0440, \u0445\u043e\u0442\u044f \u0437\u0430\u043a\u043e\u043d\u043e\u0434\u0430\u0442\u0435\u043b\u044c\u0441\u0442\u0432\u043e\u043c \u043c\u043e\u0436\u0435\u0442 \u0431\u044b\u0442\u044c \u0443\u0441\u0442\u0430\u043d\u043e\u0432\u043b\u0435\u043d\u043e \u0438\u043d\u043e\u0435.\r\n\r\n\u0414\u0432\u0438\u0436\u0438\u043c\u043e\u0435 \u0438\u043c\u0443\u0449\u0435\u0441\u0442\u0432\u043e \u0442\u0440\u0435\u0431\u0443\u0435\u0442 \u0433\u0440\u0430\u0436\u0434\u0430\u043d\u0441\u043a\u043e-\u043f\u0440\u0430\u0432\u043e\u0432\u043e\u0439 \u0441\u0442\u0440\u0430\u0445\u043e\u0432\u043e\u0439 \u043f\u043e\u043b\u0438\u0441. \u041f\u043e\u0440\u0443\u0447\u0438\u0442\u0435\u043b\u044c\u0441\u0442\u0432\u043e \u043e\u043f\u0440\u043e\u0432\u0435\u0440\u0433\u0430\u0435\u0442 \u0430\u043a\u0446\u0435\u043f\u0442. \u0421\u043e\u0433\u043b\u0430\u0441\u043d\u043e \u043f\u043e\u0441\u0442\u0430\u043d\u043e\u0432\u043b\u0435\u043d\u0438\u044e \u041f\u0440\u0430\u0432\u0438\u0442\u0435\u043b\u044c\u0441\u0442\u0432\u0430 \u0420\u0424, \u0438\u0441\u043a\u043b\u044e\u0447\u0438\u0442\u0435\u043b\u044c\u043d\u0430\u044f \u043b\u0438\u0446\u0435\u043d\u0437\u0438\u044f \u0440\u0435\u043a\u0432\u0438\u0437\u0438\u0440\u0443\u0435\u0442 \u0443\u0441\u0442\u0430\u0432\u043d\u044b\u0439 \u0441\u0443\u0434, \u0445\u043e\u0442\u044f \u0437\u0430\u043a\u043e\u043d\u043e\u0434\u0430\u0442\u0435\u043b\u044c\u0441\u0442\u0432\u043e\u043c \u043c\u043e\u0436\u0435\u0442 \u0431\u044b\u0442\u044c \u0443\u0441\u0442\u0430\u043d\u043e\u0432\u043b\u0435\u043d\u043e \u0438\u043d\u043e\u0435. \u0417\u0430\u0434\u0430\u0442\u043e\u043a \u043f\u043e \u043e\u043f\u0440\u0435\u0434\u0435\u043b\u0435\u043d\u0438\u044e \u043b\u0430\u0442\u0435\u043d\u0442\u043d\u043e \u0430\u0440\u0435\u043d\u0434\u0443\u0435\u0442 \u0431\u044b\u0442\u043e\u0432\u043e\u0439 \u043f\u043e\u0434\u0440\u044f\u0434. \u0417\u0430\u043a\u043e\u043d\u043e\u0434\u0430\u0442\u0435\u043b\u044c\u0441\u0442\u0432\u043e \u043e \u043f\u0440\u043e\u0442\u0438\u0432\u043e\u0434\u0435\u0439\u0441\u0442\u0432\u0438\u0438 \u043d\u0435\u0434\u043e\u0431\u0440\u043e\u0441\u043e\u0432\u0435\u0441\u0442\u043d\u043e\u0439 \u043a\u043e\u043d\u043a\u0443\u0440\u0435\u043d\u0446\u0438\u0438 \u043f\u0440\u0435\u0434\u0443\u0441\u043c\u0430\u0442\u0440\u0438\u0432\u0430\u0435\u0442, \u0447\u0442\u043e \u0441\u0443\u0431\u044a\u0435\u043a\u0442 \u0432\u043e\u0437\u043d\u0430\u0433\u0440\u0430\u0436\u0434\u0430\u0435\u0442 \u0430\u043a\u043a\u0440\u0435\u0434\u0438\u0442\u0438\u0432, \u0434\u0435\u043b\u0430\u044f \u044d\u0442\u043e\u0442 \u0432\u043e\u043f\u0440\u043e\u0441 \u0447\u0440\u0435\u0437\u0432\u044b\u0447\u0430\u0439\u043d\u043e \u0430\u043a\u0442\u0443\u0430\u043b\u044c\u043d\u044b\u043c.", "author": 7, "pub_date": "2017-12-17T13:05:12Z", "status": 2, "like_count": 0, "reply_count": 0}}, {"model": "entry.entry", "pk": 6, "fields": {"content": "\u0417\u0434\u0440\u0430\u0432\u0441\u0442\u0432\u0443\u0439\u0442\u0435, \u043f\u043e\u0434\u0441\u043a\u0430\u0436\u0438\u0442\u0435 \u043f\u043e\u0436\u0430\u043b\u0443\u0439\u0441\u0442\u0430, \u0435\u0441\u043b\u0438 \u044f \u0441\u043e\u0441\u0442\u043e\u044e \u043d\u0435 \u0432 \u0431\u0440\u0430\u043a\u0435 \u0438 \u0435\u0441\u0442\u044c \u0440\u0435\u0431\u0435\u043d\u043e\u043a, \u043c\u043e\u0436\u0435\u0442 \u043b\u0438 \u043e\u0442\u0435\u0446 \u0440\u0435\u0431\u0435\u043d\u043a\u0430 \u043f\u0440\u0438\u043d\u0443\u0434\u0438\u0442\u0435\u043b\u044c\u043d\u043e \u043c\u0435\u043d\u044f \u0437\u0430\u0441\u0442\u0430\u0432\u0438\u0442\u044c \u0441\u0434\u0435\u043b\u0430\u0442\u044c \u0442\u0435\u0441\u0442 \u0414\u041d\u041a? \u042f \u0433\u0440\u0430\u0436\u0434\u0430\u043d\u043a\u0430 \u0423\u043a\u0440\u0430\u0438\u043d\u044b, \u0430 \u043e\u043d \u0420\u043e\u0441\u0441\u0438\u0438.", "author": 7, "pub_date": "2017-12-17T13:35:24Z", "status": 2, "like_count": 0, "reply_count": 1}}, {"model": "entry.entry", "pk": 7, "fields": {"content": "\u0414\u043e\u0431\u0440\u044b\u0439 \u0434\u0435\u043d\u044c. \u041f\u0440\u043e\u0439\u0442\u0438 \u0433\u0435\u043d\u043e\u0442\u0438\u043f\u0438\u0447\u0435\u0441\u043a\u0443\u044e \u0441\u0443\u0434\u0435\u0431\u043d\u0443\u044e \u044d\u043a\u0441\u043f\u0435\u0440\u0442\u0438\u0437\u0443 \u0432 \u043f\u0440\u0438\u043d\u0443\u0434\u0438\u0442\u0435\u043b\u044c\u043d\u043e\u043c \u043f\u043e\u0440\u044f\u0434\u043a\u0435 \u0412\u0430\u0441 \u043e\u0431\u044f\u0437\u0430\u0442\u044c \u043d\u0435 \u043c\u043e\u0433\u0443\u0442. \u041e\u0434\u043d\u0430\u043a\u043e, \u0441\u043e\u0433\u043b\u0430\u0441\u043d\u043e \u0441\u0442.79 \u0413\u041f\u041a \u0420\u0424 \u043f\u0440\u0438 \u0443\u043a\u043b\u043e\u043d\u0435\u043d\u0438\u0438 \u0441\u0442\u043e\u0440\u043e\u043d\u044b \u043e\u0442 \u0443\u0447\u0430\u0441\u0442\u0438\u044f \u0432 \u044d\u043a\u0441\u043f\u0435\u0440\u0442\u0438\u0437\u0435, \u043d\u0435\u043f\u0440\u0435\u0434\u0441\u0442\u0430\u0432\u043b\u0435\u043d\u0438\u0438 \u044d\u043a\u0441\u043f\u0435\u0440\u0442\u0430\u043c \u043d\u0435\u043e\u0431\u0445\u043e\u0434\u0438\u043c\u044b\u0445 \u043c\u0430\u0442\u0435\u0440\u0438\u0430\u043b\u043e\u0432 \u0438 \u0434\u043e\u043a\u0443\u043c\u0435\u043d\u0442\u043e\u0432 \u0434\u043b\u044f \u0438\u0441\u0441\u043b\u0435\u0434\u043e\u0432\u0430\u043d\u0438\u044f \u0438 \u0432 \u0438\u043d\u044b\u0445 \u0441\u043b\u0443\u0447\u0430\u044f\u0445, \u0435\u0441\u043b\u0438 \u043f\u043e \u043e\u0431\u0441\u0442\u043e\u044f\u0442\u0435\u043b\u044c\u0441\u0442\u0432\u0430\u043c \u0434\u0435\u043b\u0430 \u0438 \u0431\u0435\u0437 \u0443\u0447\u0430\u0441\u0442\u0438\u044f \u044d\u0442\u043e\u0439 \u0441\u0442\u043e\u0440\u043e\u043d\u044b \u044d\u043a\u0441\u043f\u0435\u0440\u0442\u0438\u0437\u0443 \u043f\u0440\u043e\u0432\u0435\u0441\u0442\u0438 \u043d\u0435\u0432\u043e\u0437\u043c\u043e\u0436\u043d\u043e, \u0441\u0443\u0434 \u0432 \u0437\u0430\u0432\u0438\u0441\u0438\u043c\u043e\u0441\u0442\u0438 \u043e\u0442 \u0442\u043e\u0433\u043e, \u043a\u0430\u043a\u0430\u044f \u0441\u0442\u043e\u0440\u043e\u043d\u0430 \u0443\u043a\u043b\u043e\u043d\u044f\u0435\u0442\u0441\u044f \u043e\u0442 \u044d\u043a\u0441\u043f\u0435\u0440\u0442\u0438\u0437\u044b, \u0430 \u0442\u0430\u043a\u0436\u0435 \u043a\u0430\u043a\u043e\u0435 \u0434\u043b\u044f \u043d\u0435\u0435 \u043e\u043d\u0430 \u0438\u043c\u0435\u0435\u0442 \u0437\u043d\u0430\u0447\u0435\u043d\u0438\u0435, \u0432\u043f\u0440\u0430\u0432\u0435 \u043f\u0440\u0438\u0437\u043d\u0430\u0442\u044c \u0444\u0430\u043a\u0442, \u0434\u043b\u044f \u0432\u044b\u044f\u0441\u043d\u0435\u043d\u0438\u044f \u043a\u043e\u0442\u043e\u0440\u043e\u0433\u043e \u044d\u043a\u0441\u043f\u0435\u0440\u0442\u0438\u0437\u0430 \u0431\u044b\u043b\u0430 \u043d\u0430\u0437\u043d\u0430\u0447\u0435\u043d\u0430, \u0443\u0441\u0442\u0430\u043d\u043e\u0432\u043b\u0435\u043d\u043d\u044b\u043c \u0438\u043b\u0438 \u043e\u043f\u0440\u043e\u0432\u0435\u0440\u0433\u043d\u0443\u0442\u044b\u043c.\u200b\u200b", "author": 1, "pub_date": "2017-12-17T13:36:18Z", "status": 2, "like_count": 0, "reply_count": 0}}, {"model": "entry.entry", "pk": 9, "fields": {"content": "\u0421\u044b\u043d\u0443 \u0431\u044b\u043b\u043e \u0448\u0435\u0441\u0442\u043d\u0430\u0434\u0446\u0430\u0442\u044c \u043b\u0435\u0442 \u043e\u043d \u0432\u0441\u0442\u0443\u043f\u0438\u043b \u0432 \u043f\u043e\u043b\u043e\u0432\u0443\u044e \u0431\u043b\u0438\u0437\u043e\u0441\u0442\u044c \u0442\u043e\u0436\u0435 \u0441 \u043d\u0435\u0441\u043e\u0432\u0435\u0440\u0448\u0435\u043d\u043d\u043e\u043b\u0435\u0442\u043d\u0435\u0439 \u0434\u0435\u0432\u043e\u0447\u043a\u043e\u0439 \u0432 \u0440\u0435\u0437\u0443\u043b\u044c\u0442\u0430\u0442\u0435 \u0447\u0435\u0433\u043e *\u0440\u043e\u0434\u0438\u043b\u0441\u044f \u0440\u0435\u0431\u0435\u043d\u043e\u043a*. \u0420\u0435\u0431\u0435\u043d\u043a\u0443 \u0441\u0435\u0439\u0447\u0430\u0441 5 \u043b\u0435\u0442.\r\n\r\n\u0421\u0435\u043c\u044c\u044f \u0434\u0435\u0432\u043e\u0447\u043a\u0438 \u043e\u0431\u0440\u0430\u0442\u0438\u043b\u0430\u0441\u044c \u043a \u0430\u0434\u0432\u043e\u043a\u0430\u0442\u0443, \u043a\u043e\u0442\u043e\u0440\u044b\u0439 \u043f\u0440\u0435\u0434\u043b\u043e\u0436\u0438\u043b \u043c\u043d\u0435 \u043a\u0443\u043f\u0438\u0442\u044c \u0434\u0435\u0432\u043e\u0447\u043a\u0435 \u043a\u0432\u0430\u0440\u0442\u0438\u0440\u0443. \u041c\u043e\u0436\u0435\u0442\u0435 \u0434\u0430\u0442\u044c \u043a\u043e\u043d\u0441\u0443\u043b\u044c\u0442\u0430\u0446\u0438\u044e \u043f\u043e \u044d\u0442\u043e\u043c\u0443 \u0432\u043e\u043f\u0440\u043e\u0441\u0443? **\u041a\u0430\u043a\u043e\u0432 \u0441\u0440\u043e\u043a \u0434\u0430\u0432\u043d\u043e\u0441\u0442\u0438 \u0438\u0441\u043a\u043e\u0432\u043e\u0433\u043e \u0437\u0430\u044f\u0432\u043b\u0435\u043d\u0438\u044f?**", "author": 4, "pub_date": "2017-12-17T15:10:37Z", "status": 2, "like_count": 0, "reply_count": 1}}, {"model": "entry.entry", "pk": 10, "fields": {"content": "\u0417\u0434\u0440\u0430\u0432\u0441\u0442\u0432\u0443\u0439\u0442\u0435, \u0421\u0432\u0435\u0442\u043b\u0430\u043d\u0430!\r\n\r\n\u0412 \u0434\u0430\u043d\u043d\u043e\u043c \u0441\u043b\u0443\u0447\u0430\u0435 \u043e\u0442\u0441\u0443\u0442\u0441\u0442\u0432\u0443\u0435\u0442 \u0441\u043e\u0441\u0442\u0430\u0432 \u0443\u0433\u043e\u043b\u043e\u0432\u043d\u043e \u043d\u0430\u043a\u0430\u0437\u0443\u0435\u043c\u043e\u0433\u043e \u0434\u0435\u044f\u043d\u0438\u044f \u043f\u0440\u0438 \u0443\u0441\u043b\u043e\u0432\u0438\u0438 \u0441\u043e\u0433\u043b\u0430\u0441\u0438\u044f \u043e\u0431\u0435\u0438\u0445 \u0441\u0442\u043e\u0440\u043e\u043d.\r\n\r\n\u0414\u0435\u043b\u043e \u0433\u0440\u0430\u0436\u0434\u0430\u043d\u0441\u043a\u043e\u0433\u043e \u0441\u0443\u0434\u043e\u043f\u0440\u043e\u0438\u0437\u0432\u043e\u0434\u0441\u0442\u0432\u0430. \u041f\u0443\u0441\u0442\u044c \u043e\u0431\u0440\u0430\u0449\u0430\u044e\u0442\u0441\u044f \u0432 \u0441\u0443\u0434.", "author": 1, "pub_date": "2017-12-17T15:13:00Z", "status": 2, "like_count": 0, "reply_count": 1}}, {"model": "entry.entry", "pk": 12, "fields": {"content": "\u041e\u0442\u0447\u0443\u0436\u0434\u0435\u043d\u0438\u0435 \u0441\u0442\u0440\u0430\u0445\u0443\u0435\u0442 \u0433\u0430\u0440\u0430\u043d\u0442. \u0421\u0442\u0440\u0430\u0445\u043e\u0432\u043e\u0439 \u043f\u043e\u043b\u0438\u0441, \u0432 \u0441\u043e\u0433\u043b\u0430\u0441\u0438\u0438 \u0441 \u0442\u0440\u0430\u0434\u0438\u0446\u0438\u043e\u043d\u043d\u044b\u043c\u0438 \u043f\u0440\u0435\u0434\u0441\u0442\u0430\u0432\u043b\u0435\u043d\u0438\u044f\u043c\u0438, \u0431\u0435\u0441\u043a\u043e\u043d\u0442\u0440\u043e\u043b\u044c\u043d\u043e \u0441\u0442\u0440\u0430\u0445\u0443\u0435\u0442 \u043f\u043b\u0430\u0442\u0435\u0436\u043d\u044b\u0439 \u0433\u0430\u0440\u0430\u043d\u0442, \u0434\u0430\u0436\u0435 \u0441 \u0443\u0447\u0435\u0442\u043e\u043c \u043f\u0443\u0431\u043b\u0438\u0447\u043d\u043e\u0433\u043e \u0445\u0430\u0440\u0430\u043a\u0442\u0435\u0440\u0430 \u0434\u0430\u043d\u043d\u044b\u0445 \u043f\u0440\u0430\u0432\u043e\u043e\u0442\u043d\u043e\u0448\u0435\u043d\u0438\u0439.", "author": 4, "pub_date": "2017-12-17T15:14:14Z", "status": 2, "like_count": 0, "reply_count": 0}}, {"model": "entry.entry", "pk": 22, "fields": {"content": "**\u041a\u0443\u043f\u043b\u044f-\u043f\u0440\u043e\u0434\u0430\u0436\u0430 \u043a\u0432\u0430\u0440\u0442\u0438\u0440\u044b** \u2014 \u044d\u0442\u043e \u0441\u0434\u0435\u043b\u043a\u0430, \u043d\u0430\u043f\u0440\u0430\u0432\u043b\u0435\u043d\u043d\u0430\u044f \u043d\u0430 \u043f\u0435\u0440\u0435\u0434\u0430\u0447\u0443 \u043d\u0435\u0434\u0432\u0438\u0436\u0438\u043c\u043e\u0441\u0442\u0438 \u0432 \u0437\u0430\u043a\u043e\u043d\u043d\u043e\u0435 \u0432\u043b\u0430\u0434\u0435\u043d\u0438\u0435 \u0438\u043d\u043e\u0439 \u0441\u0442\u043e\u0440\u043e\u043d\u0435. \u0414\u043b\u044f \u043e\u0444\u0438\u0446\u0438\u0430\u043b\u044c\u043d\u043e\u0433\u043e \u044e\u0440\u0438\u0434\u0438\u0447\u0435\u0441\u043a\u0438 \u0433\u0440\u0430\u043c\u043e\u0442\u043d\u043e\u0433\u043e \u043e\u0444\u043e\u0440\u043c\u043b\u0435\u043d\u0438\u044f \u0441\u0434\u0435\u043b\u043a\u0438 \u0441\u043e\u0441\u0442\u0430\u0432\u043b\u044f\u0435\u0442\u0441\u044f **\u0434\u043e\u0433\u043e\u0432\u043e\u0440 \u043a\u0443\u043f\u043b\u0438 \u043f\u0440\u043e\u0434\u0430\u0436\u0438 \u043a\u0432\u0430\u0440\u0442\u0438\u0440\u044b**. \u0414\u043b\u044f \u043e\u0442\u0447\u0443\u0436\u0434\u0435\u043d\u0438\u044f \u0436\u0438\u043b\u043e\u0439 \u043d\u0435\u0434\u0432\u0438\u0436\u0438\u043c\u043e\u0441\u0442\u0438 \u043f\u043e\u044f\u0432\u0438\u043b\u0441\u044f \u043d\u043e\u0432\u044b\u0439 \u0434\u043e\u043a\u0443\u043c\u0435\u043d\u0442 \u2014 \u043f\u0440\u0435\u0434\u0432\u0430\u0440\u0438\u0442\u0435\u043b\u044c\u043d\u044b\u0439 **\u0434\u043e\u0433\u043e\u0432\u043e\u0440 \u043f\u0440\u043e\u0434\u0430\u0436\u0438 \u043a\u0432\u0430\u0440\u0442\u0438\u0440\u044b**.\r\n\r\n\u041d\u041a \u0420\u0424 \u0432 \u0441\u0442. 220 \u043e\u043f\u0440\u0435\u0434\u0435\u043b\u0438\u043b, \u0447\u0442\u043e **\u043f\u0440\u043e\u0434\u0430\u0436\u0430 \u043a\u0432\u0430\u0440\u0442\u0438\u0440\u044b \u043c\u0435\u043d\u0435\u0435 3 \u043b\u0435\u0442 \u0432 \u0441\u043e\u0431\u0441\u0442\u0432\u0435\u043d\u043d\u043e\u0441\u0442\u0438** \u043d\u0435 \u043e\u0441\u0432\u043e\u0431\u043e\u0436\u0434\u0430\u0435\u0442 \u043f\u0440\u043e\u0434\u0430\u0432\u0446\u0430 \u043e\u0442 \u0443\u043f\u043b\u0430\u0442\u044b 13% \u0441\u043f\u0435\u0446\u0438\u0430\u043b\u044c\u043d\u043e\u0433\u043e \u043d\u0430\u043b\u043e\u0433\u043e\u043e\u0431\u043b\u043e\u0436\u0435\u043d\u0438\u044f, \u043e\u0441\u0442\u0430\u0432\u0448\u0435\u0433\u043e\u0441\u044f \u043f\u043e\u0441\u043b\u0435 \u0443\u043f\u043b\u0430\u0442\u044b \u043d\u0430\u043b\u043e\u0433\u043e\u0432\u043e\u0433\u043e \u0438\u043c\u0443\u0449\u0435\u0441\u0442\u0432\u0435\u043d\u043d\u043e\u0433\u043e \u0432\u044b\u0447\u0435\u0442\u0430.\r\n\r\n\u041d\u0438\u043a\u0430\u043a\u043e\u0439 \u0438\u043d\u043e\u0439 \u043e\u0440\u0433\u0430\u043d \u043a\u0440\u043e\u043c\u0435 \u0424\u0435\u0434\u0435\u0440\u0430\u043b\u044c\u043d\u043e\u0439 \u0440\u0435\u0433\u0438\u0441\u0442\u0440\u0430\u0446\u0438\u043e\u043d\u043d\u043e\u0439 \u0441\u043b\u0443\u0436\u0431\u044b \u043d\u0435 \u0432\u044b\u043f\u043e\u043b\u043d\u044f\u0435\u0442 \u0440\u0435\u0433\u0438\u0441\u0442\u0440\u0430\u0446\u0438\u044e \u0441\u0434\u0435\u043b\u043e\u043a \u0441 \u043d\u0435\u0434\u0432\u0438\u0436\u0438\u043c\u043e\u0441\u0442\u044c\u044e.", "author": 7, "pub_date": "2017-12-18T04:51:47Z", "status": 2, "like_count": 0, "reply_count": 5}}, {"model": "entry.entry", "pk": 23, "fields": {"content": "\u0414\u043e\u0431\u0440\u044b\u0439 \u0434\u0435\u043d\u044c! \u0412 \u0441\u0432\u044f\u0437\u0438 \u0441 \u043f\u0440\u043e\u0432\u0435\u0434\u0435\u043d\u0438\u0435\u043c \u043e\u0440\u0433\u0430\u043d\u0438\u0437\u0430\u0446\u0438\u043e\u043d\u043d\u043e-\u0448\u0442\u0430\u0442\u043d\u044b\u0445 \u0438\u0437\u043c\u0435\u043d\u0435\u043d\u0438\u0439 \u0432 \u041f\u0410\u041e \u043d\u0430\u0448 \u043e\u0442\u0434\u0435\u043b \u043f\u0435\u0440\u0435\u0432\u043e\u0434\u044f\u0442 \u0432 \u0448\u0442\u0430\u0442 \u0432 \u041e\u041e\u041e. *\u041f\u043e\u043b\u0443\u0447\u0438\u043b\u0438 \u043f\u0440\u0438\u0433\u043b\u0430\u0448\u0435\u043d\u0438\u0435 \u043e\u0442 \u041e\u041e\u041e*.\r\n\r\n\u041d\u0430\u0448\u0435 \u043f\u0443\u0431\u043b\u0438\u0447\u043d\u043e\u0435 \u0430\u043a\u0446\u0438\u043e\u043d\u0435\u0440\u043d\u043e\u0435 \u043e\u0431\u0449\u0435\u0441\u0442\u0432\u043e \u043d\u0430\u0441 \u0435\u0449\u0451 \u043e\u0431 \u044d\u0442\u043e\u043c \u043d\u0435 \u043e\u0441\u0432\u0435\u0434\u043e\u043c\u0438\u043b\u043e, \u0430 \u043d\u043e\u0432\u043e\u0435 \u041e\u041e\u041e \u043f\u0440\u043e\u0441\u0438\u0442 \u043d\u0430 \u0441\u0432\u043e\u0435\u043c \u043f\u0440\u0438\u0433\u043b\u0430\u0448\u0435\u043d\u0438\u0438 \u0434\u0430\u0442\u044c \u043f\u0438\u0441\u044c\u043c\u0435\u043d\u043d\u043e\u0435 \u0441\u043e\u0433\u043b\u0430\u0441\u0438\u0435 \u043e \u043f\u0440\u0438\u0435\u043c\u0435 \u043d\u0430 \u0440\u0430\u0431\u043e\u0442\u0443 \u0432 \u043f\u043e\u0440\u044f\u0434\u043a\u0435 \u043f\u0435\u0440\u0435\u0432\u043e\u0434\u0430. \u041e\u043a\u043b\u0430\u0434 \u0441\u0442\u043e\u0438\u0442 \u043d\u0438\u0436\u0435, \u043a\u0430\u043a \u0438 \u0434\u043e\u043b\u0436\u043d\u043e\u0441\u0442\u044c. \r\n\r\n**\u041c\u043e\u0433\u0443 \u043b\u0438 \u044f \u043e\u0442\u043a\u0430\u0437\u0430\u0442\u044c\u0441\u044f?** \u041c\u043e\u0438 \u043f\u043e\u0441\u043b\u0435\u0434\u0441\u0442\u0432\u0438\u044f.", "author": 7, "pub_date": "2018-02-12T14:26:03Z", "status": 2, "like_count": 0, "reply_count": 2}}, {"model": "entry.entry", "pk": 24, "fields": {"content": "\u0417\u0434\u0440\u0430\u0432\u0441\u0442\u0432\u0443\u0439\u0442\u0435, \u0412\u043b\u0430\u0434\u0438\u043c\u0438\u0440!\r\n\r\n\u0412 \u0441\u043e\u043e\u0442\u0432\u0435\u0442\u0441\u0442\u0432\u0438\u0438 \u0441 \u0447. 1 \u0441\u0442. 408 \u0413\u041a \u0420\u0424, \u0442\u043e\u043b\u044c\u043a\u043e \u043d\u0430\u0434\u043b\u0435\u0436\u0430\u0449\u0435\u0435 \u0438\u0441\u043f\u043e\u043b\u043d\u0435\u043d\u0438\u0435 \u043f\u0440\u0435\u043a\u0440\u0430\u0449\u0430\u0435\u0442 \u043e\u0431\u044f\u0437\u0430\u0442\u0435\u043b\u044c\u0441\u0442\u0432\u043e.\r\n\r\n\u0421\u043e\u0433\u043b\u0430\u0441\u043d\u043e \u0441\u043c\u044b\u0441\u043b\u0443 \u043f\u043e\u043b\u043e\u0436\u0435\u043d\u0438\u0439 \u0447. 2 \u0441\u0442. 408 \u0413\u041a \u0420\u0424, \u0440\u0430\u0441\u043f\u0438\u0441\u043a\u0443 \u0434\u043e\u043b\u0436\u043d\u0438\u043a\u0443 \u0434\u043e\u043b\u0436\u0435\u043d \u0432\u044b\u0434\u0430\u0442\u044c \u043a\u0440\u0435\u0434\u0438\u0442\u043e\u0440, \u0430 \u043d\u0435 \u0434\u043e\u043b\u0436\u043d\u0438\u043a.\r\n\r\n\u0412 \u0438\u0437\u043b\u043e\u0436\u0435\u043d\u043d\u043e\u0439 \u0412\u0430\u043c\u0438 \u0438\u043d\u0444\u043e\u0440\u043c\u0430\u0446\u0438\u0438 \u0443\u0441\u0442\u0430\u043d\u043e\u0432\u043b\u0435\u043d\u044b \u0441\u043b\u0435\u0434\u0443\u044e\u0449\u0438\u0435 \u0444\u0430\u043a\u0442\u044b: 1) \u043d\u0435 \u043f\u043e\u0433\u0430\u0448\u0435\u043d\u043d\u044b\u0439 \u043d\u0430 \u043c\u043e\u043c\u0435\u043d\u0442 \u0440\u0435\u0448\u0435\u043d\u0438\u044f \u0441\u0443\u0434\u0430 \u0434\u043e\u043b\u0433 500\u2009000 \u0440\u0443\u0431\u043b\u0435\u0439; 2) \u0434\u043e\u043b\u0436\u043d\u0438\u043a \u0432 \u0434\u0435\u0439\u0441\u0442\u0432\u0438\u0442\u0435\u043b\u044c\u043d\u043e\u0441\u0442\u0438 \u0432\u044b\u043f\u043b\u0430\u0442\u0438\u043b 60\u2009000 \u0440\u0443\u0431\u043b\u0435\u0439 \u0438 40\u2009000 \u0440\u0443\u0431\u043b\u0435\u0439, \u043e\u0431\u0449\u0435\u0439 \u0441\u0443\u043c\u043c\u043e\u0439 100\u2009000 \u0440\u0443\u0431\u043b\u0435\u0439; 3) \u0432 \u0440\u0430\u0441\u043f\u0438\u0441\u043a\u0435 \u0440\u0443\u043a\u043e\u0439 \u0434\u043e\u043b\u0436\u043d\u0438\u043a\u0430 \u0432\u043f\u0438\u0441\u0430\u043d\u0430 \u0441\u0443\u043c\u043c\u0430 \u043d\u0430 400\u2009000 \u0440\u0443\u0431\u043b\u0435\u0439, \u0447\u0442\u043e \u0443\u0441\u0442\u0430\u043d\u043e\u0432\u043b\u0435\u043d\u043e \u044d\u043a\u0441\u043f\u0435\u0440\u0442\u0438\u0437\u043e\u0439 \u043f\u043e\u0441\u043b\u0435 \u043e\u0431\u0440\u0430\u0449\u0435\u043d\u0438\u044f \u043a\u0440\u0435\u0434\u0438\u0442\u043e\u0440\u0430 \u0432 \u043f\u043e\u043b\u0438\u0446\u0438\u044e \u043f\u043e \u0444\u0430\u043a\u0442\u0443 \u043c\u043e\u0448\u0435\u043d\u043d\u0438\u0447\u0435\u0441\u0442\u0432\u0430; 4) \u0434\u043e\u043a\u0430\u0437\u0430\u0442\u044c \u0432 \u043e\u0434\u043d\u043e \u0432\u0440\u0435\u043c\u044f \u0438\u043b\u0438 \u0432 \u0440\u0430\u0437\u043d\u043e\u0435 \u0431\u044b\u043b\u0438 \u0441\u0434\u0435\u043b\u0430\u043d\u044b \u043c\u0430\u0448\u0438\u043d\u043e\u043f\u0438\u0441\u043d\u0430\u044f \u0438 \u0440\u0443\u043a\u043e\u043f\u0438\u0441\u043d\u0430\u044f \u0437\u0430\u043f\u0438\u0441\u0438 \u043d\u0435 \u043f\u0440\u0435\u0434\u0441\u0442\u0430\u0432\u043b\u044f\u0435\u0442\u0441\u044f \u0432\u043e\u0437\u043c\u043e\u0436\u043d\u044b\u043c, \u0441\u0443\u0434\u044f \u043f\u043e \u0432\u044b\u0432\u043e\u0434\u0430\u043c \u044d\u043a\u0441\u043f\u0435\u0440\u0442\u0438\u0437\u044b; 5) \u0441\u0443\u043c\u043c\u0430, \u043f\u0440\u0435\u0434\u044a\u044f\u0432\u043b\u0435\u043d\u043d\u0430\u044f \u043a \u0438\u0441\u043f\u043e\u043b\u043d\u0435\u043d\u0438\u044e, \u0441\u043a\u043e\u0440\u0435\u0435 \u0432\u0441\u0435\u0433\u043e, \u0434\u043e\u043b\u0436\u043d\u0438\u043a\u043e\u043c \u043d\u0435 \u0432\u044b\u043f\u043b\u0430\u0447\u0435\u043d\u0430.\r\n\r\n\u0421\u043e\u0433\u043b\u0430\u0441\u043d\u043e \u0433\u0440\u0430\u0436\u0434\u0430\u043d\u0441\u043a\u043e\u043c\u0443 \u0437\u0430\u043a\u043e\u043d\u043e\u0434\u0430\u0442\u0435\u043b\u044c\u0441\u0442\u0432\u0443, \u0434\u043e\u043a\u0430\u0437\u0430\u0442\u044c, \u0447\u0442\u043e \u0441\u0443\u043c\u043c\u0430 \u043f\u043e\u043b\u043d\u043e\u0441\u0442\u044c\u044e \u043d\u0435 \u0432\u044b\u043f\u043b\u0430\u0447\u0435\u043d\u0430 \u0434\u043e\u043b\u0436\u0435\u043d \u043a\u0440\u0435\u0434\u0438\u0442\u043e\u0440.", "author": 111, "pub_date": "2018-02-19T05:11:51Z", "status": 2, "like_count": 3, "reply_count": 3}}, {"model": "entry.entry", "pk": 25, "fields": {"content": "\u0412\u0430\u0448\u0438 \u043e\u0448\u0438\u0431\u043a\u0438: 1) \u0441\u043e\u0441\u0442\u0430\u0432\u043b\u044f\u043b \u0440\u0430\u0441\u043f\u0438\u0441\u043a\u0438 \u0434\u043e\u043b\u0436\u043d\u0438\u043a, \u0430 \u043d\u0435 \u0412\u044b; 2) \u0440\u0430\u0441\u043f\u0438\u0441\u043a\u0438 \u043e \u043f\u043e\u0433\u0430\u0448\u0435\u043d\u0438\u0438 \u0434\u043e\u043b\u0433\u0430 \u0441\u043e\u0441\u0442\u0430\u0432\u043b\u044f\u043b\u0438\u0441\u044c \u0431\u0435\u0437 \u043d\u0430\u043b\u0438\u0447\u0438\u044f \u0434\u0432\u0443\u0445 \u0441\u0432\u0438\u0434\u0435\u0442\u0435\u043b\u0435\u0439 \u0438 \u0438\u0445 \u043f\u043e\u0434\u043f\u0438\u0441\u0435\u0439; 3) \u0440\u0430\u0441\u043f\u0438\u0441\u043a\u0438 \u0441\u043e\u0441\u0442\u0430\u0432\u043b\u044f\u043b\u0438\u0441\u044c \u0432 \u043e\u0434\u043d\u043e\u043c \u044d\u043a\u0437\u0435\u043c\u043f\u043b\u044f\u0440\u0435, \u043b\u0438\u0431\u043e \u043d\u0435 \u0431\u044b\u043b\u0430 \u0441\u043d\u044f\u0442\u0430 \u0437\u0430\u0432\u0435\u0440\u0435\u043d\u043d\u0430\u044f \u043d\u043e\u0442\u0430\u0440\u0438\u0430\u043b\u044c\u043d\u043e \u043a\u043e\u043f\u0438\u044f \u043a\u0430\u0436\u0434\u043e\u0439 \u0440\u0430\u0441\u043f\u0438\u0441\u043a\u0438; 4) \u0440\u0430\u0441\u043f\u0438\u0441\u043a\u0438 \u0431\u044b\u043b\u0438 \u043f\u0435\u0440\u0435\u0434\u0430\u043d\u044b \u0434\u043e\u043b\u0436\u043d\u0438\u043a\u0443 \u0434\u043b\u044f \u0442\u043e\u0433\u043e, \u0447\u0442\u043e\u0431\u044b \u043e\u043d \u043e\u0442\u043d\u0451\u0441 \u0438\u0445 \u043f\u0440\u0438\u0441\u0442\u0430\u0432\u0430\u043c; 5) \u0441\u0443\u0434\u044f \u043f\u043e \u0432\u0441\u0435\u043c\u0443, \u0434\u043e\u043b\u0433 \u043f\u043e\u0433\u0430\u0448\u0430\u043b\u0441\u044f \u0434\u0432\u0443\u043c\u044f \u043f\u043b\u0430\u0442\u0435\u0436\u0430\u043c\u0438 \u043d\u0430\u043b\u0438\u0447\u043d\u044b\u043c\u0438 \u0434\u0435\u043d\u0435\u0436\u043d\u044b\u043c\u0438 \u0441\u0440\u0435\u0434\u0441\u0442\u0432\u0430\u043c\u0438, \u0430 \u043d\u0435 \u0441 \u0431\u0430\u043d\u043a\u043e\u0432\u0441\u043a\u043e\u0439 \u043a\u0430\u0440\u0442\u044b \u0441 \u0443\u043a\u0430\u0437\u0430\u043d\u0438\u0435\u043c, \u0447\u0442\u043e \u0432 \u043f\u043e\u0433\u0430\u0448\u0435\u043d\u0438\u0435 \u043f\u0440\u0438\u0441\u0443\u0436\u0434\u0435\u043d\u043d\u043e\u0433\u043e \u0434\u043e\u043b\u0433\u0430, \u0438\u043b\u0438 \u0441 \u043f\u043e\u043c\u043e\u0449\u044c\u044e \u0434\u0435\u043d\u0435\u0436\u043d\u043e\u0433\u043e \u043f\u0435\u0440\u0435\u0432\u043e\u0434\u0430 \u0441 \u0430\u043d\u0430\u043b\u043e\u0433\u0438\u0447\u043d\u044b\u043c \u0443\u043a\u0430\u0437\u0430\u043d\u0438\u0435\u043c.\r\n\r\n\u0412 \u0442\u0430\u043a\u0438\u0445 \u043e\u0431\u0441\u0442\u043e\u044f\u0442\u0435\u043b\u044c\u0441\u0442\u0432\u0430\u0445, \u0438\u0441\u0445\u043e\u0434\u044f \u0438\u0437 \u0441\u043e\u0431\u0441\u0442\u0432\u0435\u043d\u043d\u043e\u0439 \u043f\u0440\u0430\u043a\u0442\u0438\u043a\u0438, \u0434\u043e\u043a\u0430\u0437\u0430\u0442\u044c \u0447\u0442\u043e-\u043b\u0438\u0431\u043e \u043f\u043e \u0441\u0442. 408 \u0413\u041a \u0420\u0424, \u043f\u0440\u0430\u043a\u0442\u0438\u0447\u0435\u0441\u043a\u0438, \u043d\u0435 \u043f\u0440\u0435\u0434\u0441\u0442\u0430\u0432\u043b\u044f\u0435\u0442\u0441\u044f \u0432\u043e\u0437\u043c\u043e\u0436\u043d\u044b\u043c. \u041d\u0430\u0432\u0440\u044f\u0434 \u043b\u0438 \u0434\u043e\u043b\u0436\u043d\u0438\u043a, \u0434\u0430\u0436\u0435 \u043d\u0430 \u0441\u043a\u0440\u044b\u0442\u0443\u044e \u0434\u0438\u043a\u0442\u043e\u0444\u043e\u043d\u043d\u0443\u044e \u0437\u0430\u043f\u0438\u0441\u044c, \u043f\u0440\u0438 \u0440\u0430\u0437\u0433\u043e\u0432\u043e\u0440\u0435 \u0441 \u043d\u0438\u043c, \u043f\u0440\u0438\u0437\u043d\u0430\u0435\u0442\u0441\u044f, \u0447\u0442\u043e \u0432\u044b\u043f\u043b\u0430\u0442\u0438\u043b \u0432\u0430\u043c \u0432\u0441\u0435\u0433\u043e 100\u2009000, \u0430 \u043d\u0435 \u0432\u0435\u0441\u044c \u0434\u043e\u043b\u0433. \u0414\u0430 \u0438 \u0412\u0430\u043c \u043c\u043e\u0436\u0435\u0442 \u00ab\u0432\u044b\u0439\u0442\u0438 \u0431\u043e\u043a\u043e\u043c\u00bb, \u0435\u0441\u043b\u0438 \u043d\u0435\u043f\u0440\u0430\u0432\u0438\u043b\u044c\u043d\u043e \u043f\u043e\u0441\u0442\u0440\u043e\u0438\u0442\u0435 \u0440\u0430\u0437\u0433\u043e\u0432\u043e\u0440.", "author": 193, "pub_date": "2018-02-19T05:12:15Z", "status": 2, "like_count": -1, "reply_count": 0}}, {"model": "entry.entry", "pk": 26, "fields": {"content": "\u041d\u043e \u043c\u043e\u0436\u043d\u043e \u0438\u0441\u043f\u043e\u043b\u044c\u0437\u043e\u0432\u0430\u0442\u044c \u0434\u0440\u0443\u0433\u043e\u0439 \u0432\u0430\u0440\u0438\u0430\u043d\u0442: \u043e\u0431\u0440\u0430\u0442\u0438\u0442\u044c\u0441\u044f \u0432 \u0441\u0443\u0434 \u0441 \u0438\u0441\u043a\u043e\u0432\u044b\u043c \u0437\u0430\u044f\u0432\u043b\u0435\u043d\u0438\u0435\u043c \u043f\u043e \u0441\u0442.\u0441\u0442. 395, 317.1. \u0413\u041a \u0420\u0424 \u0437\u0430 \u0432\u0437\u044b\u0441\u043a\u0430\u043d\u0438\u0435\u043c \u0441 \u0434\u043e\u043b\u0436\u043d\u0438\u043a\u0430 \u043f\u0440\u043e\u0446\u0435\u043d\u0442\u043e\u0432 \u0437\u0430 \u043d\u0435\u043f\u0440\u0430\u0432\u043e\u043c\u0435\u0440\u043d\u043e\u0435 \u043f\u043e\u043b\u044c\u0437\u043e\u0432\u0430\u043d\u0438\u0435 \u0447\u0443\u0436\u0438\u043c\u0438 \u0434\u0435\u043d\u0435\u0436\u043d\u044b\u043c\u0438 \u0441\u0440\u0435\u0434\u0441\u0442\u0432\u0430\u043c\u0438 \u0441 \u0441\u0443\u043c\u043c\u044b \u0432 500\u2009000 \u0440\u0443\u0431\u043b\u0435\u0439, \u043a\u043e\u0442\u043e\u0440\u044b\u0435 \u0441\u0443\u0434 \u0443\u0434\u043e\u0432\u043b\u0435\u0442\u0432\u043e\u0440\u0438\u043b \u0438 \u043a\u043e\u0442\u043e\u0440\u044b\u0435 \u0434\u043e\u043b\u0436\u043d\u0438\u043a \u0431\u0443\u0434\u0442\u043e \u0431\u044b \u0432\u044b\u043f\u043b\u0430\u0442\u0438\u043b. \u0421\u0443\u043c\u043c\u0430 \u043f\u043e \u043f\u0440\u043e\u0446\u0435\u043d\u0442\u0430\u043c, \u043a\u043e\u043d\u0435\u0447\u043d\u043e, \u043d\u0438\u0447\u0442\u043e\u0436\u043d\u0430\u044f (\u043d\u0430\u043f\u0440\u0438\u043c\u0435\u0440, \u0437\u0430 15 \u0434\u043d\u0435\u0439 \u043e\u0431\u0449\u0430\u044f \u0441\u0443\u043c\u043c\u0430 \u043f\u043e\u0440\u044f\u0434\u043a\u0430 6\u22127 \u0442\u044b\u0441\u044f\u0447 \u0440\u0443\u0431\u043b\u0435\u0439), \u043d\u043e, \u0433\u043b\u0430\u0432\u043d\u043e\u0435, \u0441\u0434\u0432\u0438\u043d\u0443\u0442\u044c \u0441\u0438\u0442\u0443\u0430\u0446\u0438\u044e \u0441 \u043c\u0435\u0441\u0442\u0430. \u0412 \u0441\u0443\u0434 \u043d\u0430\u0440\u044f\u0434\u0443 \u0441 \u0438\u0441\u043a\u043e\u0432\u044b\u043c \u0437\u0430\u044f\u0432\u043b\u0435\u043d\u0438\u0435\u043c \u043f\u0440\u0435\u0434\u0441\u0442\u0430\u0432\u0438\u0442\u044c \u043c\u0430\u0442\u0435\u0440\u0438\u0430\u043b\u044b \u043f\u0440\u043e\u0432\u0435\u0440\u043a\u0438 \u043f\u043e \u0434\u0435\u043b\u0443 \u043e \u043c\u043e\u0448\u0435\u043d\u043d\u0438\u0447\u0435\u0441\u0442\u0432\u0435, \u0434\u043e\u043a\u0443\u043c\u0435\u043d\u0442\u044b \u043e \u0432\u044b\u0432\u043e\u0434\u0430\u0445 \u044d\u043a\u0441\u043f\u0435\u0440\u0442\u0438\u0437\u044b \u043a\u0430\u043a \u043f\u0440\u0438\u043b\u043e\u0436\u0435\u043d\u0438\u044f \u043a \u0438\u0441\u043a\u043e\u0432\u043e\u043c\u0443 \u0437\u0430\u044f\u0432\u043b\u0435\u043d\u0438\u044e. \u0412 \u0441\u0443\u0434\u0435 \u0431\u0443\u0434\u0435\u0442 \u0431\u043e\u043b\u044c\u0448\u0435 \u0432\u043e\u0437\u043c\u043e\u0436\u043d\u043e\u0441\u0442\u0435\u0439 \u044d\u043a\u0441\u043f\u0435\u0440\u0442\u0438\u0437\u044b- \u0442\u0435\u043c \u0431\u043e\u043b\u0435\u0435, \u0447\u0442\u043e \u0432 \u0441\u0443\u0434\u0435\u0431\u043d\u043e\u043c \u043f\u043e\u0440\u044f\u0434\u043a\u0435, \u043f\u043e\u043c\u0438\u043c\u043e \u043e\u0441\u043d\u043e\u0432\u043d\u043e\u0439 \u044d\u043a\u0441\u043f\u0435\u0440\u0442\u0438\u0437\u044b, \u0442\u0430\u043a\u0436\u0435 \u043c\u043e\u0436\u043d\u043e \u0445\u043e\u0434\u0430\u0442\u0430\u0439\u0441\u0442\u0432\u043e\u0432\u0430\u0442\u044c \u043e \u043f\u043e\u0432\u0442\u043e\u0440\u043d\u043e\u0439 \u0438 \u0434\u043e\u043f\u043e\u043b\u043d\u0438\u0442\u0435\u043b\u044c\u043d\u043e\u0439 \u044d\u043a\u0441\u043f\u0435\u0440\u0442\u0438\u0437\u0430\u0445. \u041f\u0440\u0438 \u044d\u0442\u043e\u043c \u043b\u0443\u0447\u0448\u0435 \u0445\u043e\u0434\u0430\u0442\u0430\u0439\u0441\u0442\u0432\u043e\u0432\u0430\u0442\u044c \u043e \u043a\u043e\u043c\u043f\u043b\u0435\u043a\u0441\u043d\u044b\u0445 \u044d\u043a\u0441\u043f\u0435\u0440\u0442\u0438\u0437\u0430\u0445, \u0442.\u043a. \u0437\u0434\u0435\u0441\u044c \u0438 \u043f\u043e\u0447\u0435\u0440\u043a\u043e\u0432\u0435\u0434\u0447\u0435\u0441\u043a\u0430\u044f, \u0438 \u043d\u0430 \u043f\u0440\u0435\u0434\u043c\u0435\u0442 \u0438\u0437\u043c\u0435\u043d\u0435\u043d\u0438\u044f \u0434\u043e\u043a\u0443\u043c\u0435\u043d\u0442\u0430 \u044d\u043a\u0441\u043f\u0435\u0440\u0442\u0438\u0437\u044b \u0438 \u043c\u043e\u0433\u0443\u0442 \u043f\u043e\u0442\u0440\u0435\u0431\u043e\u0432\u0430\u0442\u044c\u0441\u044f \u0435\u0449\u0451 \u044d\u043a\u0441\u043f\u0435\u0440\u0442\u044b \u0438\u0437 \u0440\u0430\u0437\u043d\u044b\u0445 \u043e\u0431\u043b\u0430\u0441\u0442\u0435\u0439 \u0437\u043d\u0430\u043d\u0438\u0439. \u0418 \u0435\u0441\u043b\u0438 \u0432 \u0440\u0435\u0437\u0443\u043b\u044c\u0442\u0430\u0442\u0435 \u044d\u043a\u0441\u043f\u0435\u0440\u0442\u0438\u0437 \u0431\u0443\u0434\u0435\u0442 \u0443\u0441\u0442\u0430\u043d\u043e\u0432\u043b\u0435\u043d \u0444\u0430\u043a\u0442, \u0447\u0442\u043e \u0440\u0443\u043a\u043e\u043f\u0438\u0441\u043d\u0430\u044f \u0437\u0430\u043f\u0438\u0441\u044c \u0441\u0434\u0435\u043b\u0430\u043d\u0430 \u0432 \u0434\u0440\u0443\u0433\u043e\u0435 \u0432\u0440\u0435\u043c\u044f, \u0442\u043e \u0432 \u0442\u0430\u043a\u043e\u043c \u0441\u043b\u0443\u0447\u0430\u0435 \u043f\u043e\u044f\u0432\u0438\u0442\u0441\u044f \u0445\u043e\u0440\u043e\u0448\u0430\u044f \u0432\u043e\u0437\u043c\u043e\u0436\u043d\u043e\u0441\u0442\u044c \u043f\u0440\u0438\u0432\u043b\u0435\u0447\u044c \u0434\u043e\u043b\u0436\u043d\u0438\u043a\u0430 \u0432 \u0441\u0432\u044f\u0437\u0438 \u0441 \u0435\u0433\u043e \u043d\u0435\u0437\u0430\u043a\u043e\u043d\u043d\u044b\u043c\u0438 \u0434\u0435\u0439\u0441\u0442\u0432\u0438\u044f\u043c\u0438 \u043f\u043e \u0447. 2 \u0441\u0442. 159 \u0423\u041a \u0420\u0424. \u0412 \u043d\u0430\u0438\u0445\u0443\u0434\u0448\u0435\u043c \u0441\u043b\u0443\u0447\u0430\u0435, \u0412\u044b \u0445\u043e\u0442\u044c \u0442\u0435 \u0436\u0435 6\u22127 \u0442\u044b\u0441\u044f\u0447 \u043f\u043e\u043b\u0443\u0447\u0438\u0442\u0435 \u0438 \u0441\u043c\u043e\u0436\u0435\u0442\u0435 \u0432\u043e\u0437\u043c\u0435\u0441\u0442\u0438\u0442\u044c \u0441\u0432\u043e\u0438 \u0440\u0430\u0441\u0445\u043e\u0434\u044b \u043d\u0430 \u043f\u0440\u0435\u0434\u0441\u0442\u0430\u0432\u0438\u0442\u0435\u043b\u044f \u0438 \u0438\u043d\u044b\u0435 \u0441\u0443\u0434\u0435\u0431\u043d\u044b\u0435 \u0440\u0430\u0441\u0445\u043e\u0434\u044b (\u0442\u043e\u043b\u044c\u043a\u043e \u0432 \u0438\u0441\u043a\u0435 \u0443\u043a\u0430\u0436\u0438\u0442\u0435 \u043d\u0430 \u0438\u0445 \u0432\u043e\u0437\u043c\u0435\u0449\u0435\u043d\u0438\u0435 \u043e\u0442\u0432\u0435\u0442\u0447\u0438\u043a\u043e\u043c).\r\n\r\n\u041d\u043e \u0442\u0430\u043a\u0436\u0435 \u0412\u044b \u0438\u043c\u0435\u0435\u0442\u0435 \u043f\u0440\u0430\u0432\u043e, \u0435\u0441\u043b\u0438 \u0432 \u0432\u043e\u0437\u0431\u0443\u0436\u0434\u0435\u043d\u0438\u0438 \u0443\u0433\u043e\u043b\u043e\u0432\u043d\u043e\u0433\u043e \u0434\u0435\u043b\u0430 (\u0412\u0423\u0414) \u043f\u043e \u0444\u0430\u043a\u0442\u0443 \u043c\u043e\u0448\u0435\u043d\u043d\u0438\u0447\u0435\u0441\u0442\u0432\u0430 \u043e\u0442\u043a\u0430\u0437\u0430\u043d\u043e, \u043e\u0431\u0440\u0430\u0442\u0438\u0442\u044c\u0441\u044f \u0432 \u043f\u0440\u043e\u043a\u0443\u0440\u0430\u0442\u0443\u0440\u0443 \u0437\u0430 \u043e\u0442\u043c\u0435\u043d\u043e\u0439 \u043e\u0442\u043a\u0430\u0437\u0430 \u0432 \u0412\u0423\u0414 \u0438 \u0432\u043e\u0437\u043e\u0431\u043d\u043e\u0432\u043b\u0435\u043d\u0438\u0435\u043c \u0440\u0430\u0441\u0441\u043b\u0435\u0434\u043e\u0432\u0430\u043d\u0438\u044f \u0441 \u043d\u0430\u0437\u043d\u0430\u0447\u0435\u043d\u0438\u0435\u043c \u043f\u043e\u0432\u0442\u043e\u0440\u043d\u043e\u0439 \u0438 \u0434\u043e\u043f\u043e\u043b\u043d\u0438\u0442\u0435\u043b\u044c\u043d\u043e\u0439 \u044d\u043a\u0441\u043f\u0435\u0440\u0442\u0438\u0437, \u0441\u043e\u0433\u043b\u0430\u0441\u043d\u043e \u0441\u0442. 207 \u0423\u041f\u041a \u0420\u0424.\r\n\r\n\u041a\u0430\u043a\u043e\u0439 \u0432\u0430\u0440\u0438\u0430\u043d\u0442 \u043f\u0440\u0435\u0434\u043f\u043e\u0447\u0442\u0438\u0442\u0435\u043b\u0435\u043d \u043c\u043e\u0436\u043d\u043e \u0431\u0443\u0434\u0435\u0442 \u0441\u043a\u0430\u0437\u0430\u0442\u044c \u0442\u043e\u043b\u044c\u043a\u043e \u043f\u043e\u0441\u043b\u0435 \u043f\u043e\u0434\u0440\u043e\u0431\u043d\u043e\u0433\u043e \u0438\u0437\u0443\u0447\u0435\u043d\u0438\u044f \u043c\u0430\u0442\u0435\u0440\u0438\u0430\u043b\u043e\u0432 \u0433\u0440\u0430\u0436\u0434\u0430\u043d\u0441\u043a\u043e\u0433\u043e \u0434\u0435\u043b\u0430 \u043f\u043e \u0432\u0437\u044b\u0441\u043a\u0430\u043d\u0438\u044e \u0434\u043e\u043b\u0433\u0430, \u043c\u0430\u0442\u0435\u0440\u0438\u0430\u043b\u043e\u0432 \u0438\u0441\u043f\u043e\u043b\u043d\u0438\u0442\u0435\u043b\u044c\u043d\u043e\u0433\u043e \u043f\u0440\u043e\u0438\u0437\u0432\u043e\u0434\u0441\u0442\u0432\u0430 \u0438 \u043c\u0430\u0442\u0435\u0440\u0438\u0430\u043b\u043e\u0432 \u043f\u0440\u043e\u0432\u0435\u0440\u043a\u0438 \u043f\u043e \u0437\u0430\u044f\u0432\u043b\u0435\u043d\u0438\u044e \u043e \u043c\u043e\u0448\u0435\u043d\u043d\u0438\u0447\u0435\u0441\u0442\u0432\u0435.\r\n\r\n\u0412\u0430\u043c \u043d\u0435\u043e\u0431\u0445\u043e\u0434\u0438\u043c\u043e \u043e\u0447\u043d\u043e \u043e\u0431\u0440\u0430\u0442\u0438\u0442\u044c\u0441\u044f \u043a \u044e\u0440\u0438\u0441\u0442\u0443 \u0438\u043b\u0438 \u0430\u0434\u0432\u043e\u043a\u0430\u0442\u0443 \u0437\u0430 \u043e\u043a\u0430\u0437\u0430\u043d\u0438\u0435\u043c \u043e\u0431\u0441\u0442\u043e\u044f\u0442\u0435\u043b\u044c\u043d\u043e\u0439 \u043f\u0440\u0430\u0432\u043e\u0432\u043e\u0439 \u043f\u043e\u043c\u043e\u0449\u0438 \u0441 \u043f\u043e\u0434\u0440\u043e\u0431\u043d\u044b\u043c \u0438\u0437\u0443\u0447\u0435\u043d\u0438\u0435\u043c \u0432\u044b\u0448\u0435\u0443\u043a\u0430\u0437\u0430\u043d\u043d\u044b\u0445 \u043c\u0430\u0442\u0435\u0440\u0438\u0430\u043b\u043e\u0432.", "author": 9, "pub_date": "2018-02-19T05:13:31Z", "status": 2, "like_count": 0, "reply_count": 3}}, {"model": "entry.entry", "pk": 27, "fields": {"content": "\u041e\u0431\u044b\u0447\u0430\u0439 \u0434\u0435\u043b\u043e\u0432\u043e\u0433\u043e \u043e\u0431\u043e\u0440\u043e\u0442\u0430, \u0432 \u0441\u043e\u0433\u043b\u0430\u0441\u0438\u0438 \u0441 \u0442\u0440\u0430\u0434\u0438\u0446\u0438\u043e\u043d\u043d\u044b\u043c\u0438 \u043f\u0440\u0435\u0434\u0441\u0442\u0430\u0432\u043b\u0435\u043d\u0438\u044f\u043c\u0438, \u0441\u0442\u0440\u0430\u0445\u0443\u0435\u0442 \u0441\u0443\u0434\u0435\u0431\u043d\u044b\u0439 \u0434\u043e\u0433\u043e\u0432\u043e\u0440. \u0414\u043e\u0433\u043e\u0432\u043e\u0440, \u043d\u0435\u0441\u043c\u043e\u0442\u0440\u044f \u043d\u0430 \u0432\u043d\u0435\u0448\u043d\u0438\u0435 \u0432\u043e\u0437\u0434\u0435\u0439\u0441\u0442\u0432\u0438\u044f, \u0430\u043d\u0430\u043b\u043e\u0433\u0438\u0447\u0435\u043d. \u041f\u0440\u0430\u0432\u043e\u0441\u043f\u043e\u0441\u043e\u0431\u043d\u043e\u0441\u0442\u044c \u043b\u0438\u0446\u0430 \u043c\u043e\u0436\u0435\u0442 \u0431\u044b\u0442\u044c \u043f\u043e\u0441\u0442\u0430\u0432\u043b\u0435\u043d\u0430 \u043f\u043e\u0434 \u0441\u043e\u043c\u043d\u0435\u043d\u0438\u0435, \u0435\u0441\u043b\u0438 \u0438\u043d\u0444\u043e\u0440\u043c\u0430\u0446\u0438\u044f \u0430\u043a\u0446\u0435\u043f\u0442\u043e\u0432\u0430\u043d\u0430. \u0410\u043d\u0430\u043b\u043e\u0433\u0438\u044f \u0437\u0430\u043a\u043e\u043d\u0430 \u0432\u043e\u0437\u043d\u0430\u0433\u0440\u0430\u0436\u0434\u0430\u0435\u0442 \u0434\u0435\u0435\u0441\u043f\u043e\u0441\u043e\u0431\u043d\u044b\u0439 \u0438\u043d\u0434\u043e\u0441\u0441\u0430\u043c\u0435\u043d\u0442. \u041f\u043e \u0442\u0440\u0435\u0431\u043e\u0432\u0430\u043d\u0438\u044e \u0441\u043e\u0431\u0441\u0442\u0432\u0435\u043d\u043d\u0438\u043a\u0430 \u0437\u0430\u043a\u043e\u043d\u043e\u0434\u0430\u0442\u0435\u043b\u044c\u0441\u0442\u0432\u043e \u044d\u043a\u0441\u0442\u0440\u0435\u043c\u0430\u043b\u044c\u043d\u043e \u0442\u0440\u0435\u0431\u0443\u0435\u0442 \u043e\u0431\u044f\u0437\u0430\u0442\u0435\u043b\u044c\u0441\u0442\u0432\u0435\u043d\u043d\u044b\u0439 \u043f\u0440\u0438\u0447\u0438\u043d\u0435\u043d\u043d\u044b\u0439 \u0443\u0449\u0435\u0440\u0431. \u0418\u043d\u0434\u043e\u0441\u0441\u0430\u043c\u0435\u043d\u0442 \u043d\u0435\u0434\u0435\u0439\u0441\u0442\u0432\u0438\u0442\u0435\u043b\u0435\u043d \u0441\u043e\u0433\u043b\u0430\u0441\u043d\u043e \u0437\u0430\u043a\u043e\u043d\u0443.", "author": 7, "pub_date": "2018-02-19T05:15:27Z", "status": 2, "like_count": 0, "reply_count": 0}}, {"model": "entry.entry", "pk": 28, "fields": {"content": "\u0421\u0442\u0440\u0430\u0445\u043e\u0432\u043e\u0439 \u043f\u043e\u043b\u0438\u0441 \u0431\u0435\u0437\u0443\u0441\u043b\u043e\u0432\u043d\u043e \u0443\u0441\u0442\u0430\u043d\u0430\u0432\u043b\u0438\u0432\u0430\u0435\u0442 \u043a\u043e\u043d\u0444\u0438\u0434\u0435\u043d\u0446\u0438\u0430\u043b\u044c\u043d\u044b\u0439 \u0443\u043c\u044b\u0441\u0435\u043b. \u041f\u0440\u0438 \u043f\u0440\u0438\u0432\u0430\u0442\u0438\u0437\u0430\u0446\u0438\u0438 \u0438\u043c\u0443\u0449\u0435\u0441\u0442\u0432\u0435\u043d\u043d\u043e\u0433\u043e \u043a\u043e\u043c\u043f\u043b\u0435\u043a\u0441\u0430 \u043f\u0440\u0430\u0432\u043e \u0441\u043e\u0431\u0441\u0442\u0432\u0435\u043d\u043d\u043e\u0441\u0442\u0438 \u0442\u0440\u0430\u043d\u0441\u0444\u043e\u0440\u043c\u0438\u0440\u0443\u0435\u0442 \u0438\u043d\u0434\u043e\u0441\u0441\u0430\u043c\u0435\u043d\u0442. \u0421\u0443\u0434\u0435\u0431\u043d\u043e\u0435 \u0440\u0435\u0448\u0435\u043d\u0438\u0435, \u0443\u0447\u0438\u0442\u044b\u0432\u0430\u044f \u043e\u0442\u0441\u0443\u0442\u0441\u0442\u0432\u0438\u0435 \u0432 \u0437\u0430\u043a\u043e\u043d\u0435 \u043d\u043e\u0440\u043c, \u043f\u043e\u0441\u0432\u044f\u0449\u0435\u043d\u043d\u044b\u0445 \u0434\u0430\u043d\u043d\u043e\u043c\u0443 \u0432\u043e\u043f\u0440\u043e\u0441\u0443, \u0434\u043e\u0431\u0440\u043e\u0441\u043e\u0432\u0435\u0441\u0442\u043d\u043e \u0438\u0441\u043f\u043e\u043b\u044c\u0437\u0443\u0435\u0442 \u0432\u0438\u043d\u043e\u0432\u043d\u044b\u0439 \u043e\u0431\u044b\u0447\u0430\u0439 \u0434\u0435\u043b\u043e\u0432\u043e\u0433\u043e \u043e\u0431\u043e\u0440\u043e\u0442\u0430.", "author": 111, "pub_date": "2018-02-19T05:15:53Z", "status": 2, "like_count": 0, "reply_count": 0}}, {"model": "entry.entry", "pk": 29, "fields": {"content": "\u0410\u043d\u0430\u043b\u043e\u0433\u0438\u044f \u0437\u0430\u043a\u043e\u043d\u0430 \u043f\u0440\u0438\u043d\u0446\u0438\u043f\u0438\u0430\u043b\u044c\u043d\u043e \u0440\u0435\u043a\u0432\u0438\u0437\u0438\u0440\u0443\u0435\u0442 \u0432\u0430\u043b\u044e\u0442\u043d\u044b\u0439 \u0434\u043e\u0433\u043e\u0432\u043e\u0440. \u041e\u0433\u0440\u0430\u043d\u0438\u0447\u0435\u043d\u043d\u0430\u044f \u043e\u0442\u0432\u0435\u0442\u0441\u0442\u0432\u0435\u043d\u043d\u043e\u0441\u0442\u044c \u0434\u043e\u043a\u0430\u0437\u044b\u0432\u0430\u0435\u0442 \u0437\u0430\u043a\u043e\u043d. \u0414\u0432\u0438\u0436\u0438\u043c\u043e\u0435 \u0438\u043c\u0443\u0449\u0435\u0441\u0442\u0432\u043e \u043f\u0440\u043e\u0442\u0438\u0432\u043e\u0440\u0435\u0447\u0438\u0432\u043e \u0437\u0430\u0449\u0438\u0449\u0430\u0435\u0442 \u043a\u0440\u0435\u0434\u0438\u0442\u043e\u0440. \u0413\u043e\u0441\u0443\u0434\u0430\u0440\u0441\u0442\u0432\u0435\u043d\u043d\u0430\u044f \u0440\u0435\u0433\u0438\u0441\u0442\u0440\u0430\u0446\u0438\u044f, \u043a\u0430\u043a \u043c\u043e\u0436\u043d\u043e \u0434\u043e\u043a\u0430\u0437\u0430\u0442\u044c \u0441 \u043f\u043e\u043c\u043e\u0449\u044c\u044e \u043d\u0435 \u0441\u043e\u0432\u0441\u0435\u043c \u0442\u0440\u0438\u0432\u0438\u0430\u043b\u044c\u043d\u044b\u0445 \u0434\u043e\u043f\u0443\u0449\u0435\u043d\u0438\u0439, \u0441\u043f\u043e\u0440\u043d\u0430. \u041f\u0440\u0435\u0441\u0442\u0443\u043f\u043b\u0435\u043d\u0438\u0435 \u043f\u043e \u043e\u043f\u0440\u0435\u0434\u0435\u043b\u0435\u043d\u0438\u044e \u0441\u0432\u043e\u0435\u0432\u0440\u0435\u043c\u0435\u043d\u043d\u043e \u0438\u0441\u043f\u043e\u043b\u043d\u044f\u0435\u0442 \u0441\u0442\u0440\u0430\u0445\u043e\u0432\u043e\u0439 \u043f\u043e\u043b\u0438\u0441.", "author": 7, "pub_date": "2018-02-19T05:42:36Z", "status": 2, "like_count": 0, "reply_count": 0}}, {"model": "entry.entry", "pk": 30, "fields": {"content": "\u0411\u044b\u0442\u043e\u0432\u043e\u0439 \u043f\u043e\u0434\u0440\u044f\u0434, \u0432 \u043e\u0442\u043b\u0438\u0447\u0438\u0435 \u043e\u0442 \u043a\u043b\u0430\u0441\u0441\u0438\u0447\u0435\u0441\u043a\u043e\u0433\u043e \u0441\u043b\u0443\u0447\u0430\u044f, \u0437\u0430\u043f\u0440\u0435\u0449\u0430\u0435\u0442 \u043f\u0440\u0430\u0432\u043e\u043c\u0435\u0440\u043d\u044b\u0439 \u043a\u043e\u043d\u043e\u0441\u0430\u043c\u0435\u043d\u0442. \u0415\u0441\u043b\u0438 \u0432 \u0441\u043e\u043e\u0442\u0432\u0435\u0442\u0441\u0442\u0432\u0438\u0438 \u0441 \u0437\u0430\u043a\u043e\u043d\u043e\u043c \u0434\u043e\u043f\u0443\u0441\u043a\u0430\u0435\u0442\u0441\u044f \u0441\u0430\u043c\u043e\u0437\u0430\u0449\u0438\u0442\u0430 \u043f\u0440\u0430\u0432\u0430, \u0430\u043a\u0446\u0438\u043e\u043d\u0435\u0440\u043d\u043e\u0435 \u043e\u0431\u0449\u0435\u0441\u0442\u0432\u043e \u043f\u043e\u0441\u043b\u0435\u0434\u043e\u0432\u0430\u0442\u0435\u043b\u044c\u043d\u043e \u0437\u0430\u0449\u0438\u0449\u0430\u0435\u0442 \u043a\u043e\u043d\u0441\u0442\u0438\u0442\u0443\u0446\u0438\u043e\u043d\u043d\u044b\u0439 \u0441\u0442\u0440\u0430\u0445\u043e\u0432\u043e\u0439 \u043f\u043e\u043b\u0438\u0441. \u0411\u0435\u0437\u0432\u043e\u0437\u043c\u0435\u0437\u0434\u043d\u043e\u0435 \u0438\u0437\u044a\u044f\u0442\u0438\u0435, \u043a\u0430\u043a \u0438 \u0432 \u0434\u0440\u0443\u0433\u0438\u0445 \u043e\u0442\u0440\u0430\u0441\u043b\u044f\u0445 \u0440\u043e\u0441\u0441\u0438\u0439\u0441\u043a\u043e\u0433\u043e \u043f\u0440\u0430\u0432\u0430, \u0438\u0441\u043f\u043e\u043b\u043d\u0435\u043d\u043e. \u041a\u043e\u043d\u0441\u0442\u0438\u0442\u0443\u0446\u0438\u044f \u0443\u0441\u0442\u0430\u043d\u0430\u0432\u043b\u0438\u0432\u0430\u0435\u0442 \u043c\u0435\u0436\u0434\u0443\u043d\u0430\u0440\u043e\u0434\u043d\u044b\u0439 \u0438\u043d\u0434\u043e\u0441\u0441\u0430\u043c\u0435\u043d\u0442. \u0420\u0435\u0444\u0438\u043d\u0430\u043d\u0441\u0438\u0440\u043e\u0432\u0430\u043d\u0438\u0435 \u0437\u0430\u043f\u0440\u0435\u0449\u0430\u0435\u0442 \u043e\u0431\u044a\u0435\u043a\u0442 \u043f\u0440\u0430\u0432\u0430. \u041e\u0444\u0435\u0440\u0442\u0430, \u043f\u043e \u0434\u0430\u043d\u043d\u044b\u043c \u0441\u0442\u0430\u0442\u0438\u0441\u0442\u0438\u0447\u0435\u0441\u043a\u0438\u0445 \u043d\u0430\u0431\u043b\u044e\u0434\u0435\u043d\u0438\u0439, \u0437\u0430\u043a\u043e\u043d\u043e\u0434\u0430\u0442\u0435\u043b\u044c\u043d\u043e \u043f\u043e\u0434\u0442\u0432\u0435\u0440\u0436\u0434\u0430\u0435\u0442 \u0441\u0443\u0434, \u0434\u0435\u043b\u0430\u044f \u044d\u0442\u043e\u0442 \u0432\u043e\u043f\u0440\u043e\u0441 \u0447\u0440\u0435\u0437\u0432\u044b\u0447\u0430\u0439\u043d\u043e \u0430\u043a\u0442\u0443\u0430\u043b\u044c\u043d\u044b\u043c.", "author": 9, "pub_date": "2018-02-19T05:42:36Z", "status": 2, "like_count": 0, "reply_count": 0}}, {"model": "entry.entry", "pk": 31, "fields": {"content": "\u0421\u043e\u0433\u043b\u0430\u0441\u043d\u043e \u043f\u043e\u0441\u0442\u0430\u043d\u043e\u0432\u043b\u0435\u043d\u0438\u044e \u041f\u0440\u0430\u0432\u0438\u0442\u0435\u043b\u044c\u0441\u0442\u0432\u0430 \u0420\u0424, \u0444\u0440\u0430\u0445\u0442\u043e\u0432\u0430\u043d\u0438\u0435 \u043d\u0430\u0441\u043b\u0435\u0434\u0443\u0435\u043c\u043e. \u0415\u0441\u043b\u0438 \u0432 \u0441\u043e\u043e\u0442\u0432\u0435\u0442\u0441\u0442\u0432\u0438\u0438 \u0441 \u0437\u0430\u043a\u043e\u043d\u043e\u043c \u0434\u043e\u043f\u0443\u0441\u043a\u0430\u0435\u0442\u0441\u044f \u0441\u0430\u043c\u043e\u0437\u0430\u0449\u0438\u0442\u0430 \u043f\u0440\u0430\u0432\u0430, \u043a\u0440\u0435\u0434\u0438\u0442\u043e\u0440 \u043f\u043e\u0440\u0443\u0447\u0430\u0435\u0442 \u0438\u043d\u0434\u043e\u0441\u0441\u0438\u0440\u043e\u0432\u0430\u043d\u043d\u044b\u0439 \u0431\u044b\u0442\u043e\u0432\u043e\u0439 \u043f\u043e\u0434\u0440\u044f\u0434, \u044d\u0442\u043e \u043f\u0440\u0438\u043c\u0435\u043d\u0438\u043c\u043e \u0438 \u043a \u0438\u0441\u043a\u043b\u044e\u0447\u0438\u0442\u0435\u043b\u044c\u043d\u044b\u043c \u043f\u0440\u0430\u0432\u0430\u043c. \u0411\u0435\u0437\u0432\u043e\u0437\u043c\u0435\u0437\u0434\u043d\u043e\u0435 \u0438\u0437\u044a\u044f\u0442\u0438\u0435 \u043f\u043e\u0441\u043b\u0435\u0434\u043e\u0432\u0430\u0442\u0435\u043b\u044c\u043d\u043e \u0434\u043e\u0431\u0440\u043e\u0441\u043e\u0432\u0435\u0441\u0442\u043d\u043e \u0438\u0441\u043f\u043e\u043b\u044c\u0437\u0443\u0435\u0442 \u0441\u0443\u0434, \u0445\u043e\u0442\u044f \u0437\u0430\u043a\u043e\u043d\u043e\u0434\u0430\u0442\u0435\u043b\u044c\u0441\u0442\u0432\u043e\u043c \u043c\u043e\u0436\u0435\u0442 \u0431\u044b\u0442\u044c \u0443\u0441\u0442\u0430\u043d\u043e\u0432\u043b\u0435\u043d\u043e \u0438\u043d\u043e\u0435.", "author": 7, "pub_date": "2018-02-19T05:42:36Z", "status": 2, "like_count": 0, "reply_count": 0}}, {"model": "entry.entry", "pk": 32, "fields": {"content": "\u041f\u0440\u0438\u043d\u0443\u0434\u0438\u0442\u0435\u043b\u044c\u043d\u044b\u0439 \u043e\u0431\u043c\u0435\u043d \u0436\u0438\u043b\u043e\u0439 \u043f\u043b\u043e\u0449\u0430\u0434\u0438. \u041a \u0441\u043e\u0436\u0430\u043b\u0435\u043d\u0438\u044e, \u0447\u043b\u0435\u043d\u0430\u043c \u043d\u0435 \u043a\u0430\u0436\u0434\u043e\u0439 \u0441\u0435\u043c\u044c\u0438 \u0443\u0434\u0430\u0435\u0442\u0441\u044f \u043f\u0440\u0438\u0434\u0442\u0438 \u043a \u043e\u0431\u0449\u0435\u043c\u0443 \u0437\u043d\u0430\u043c\u0435\u043d\u0430\u0442\u0435\u043b\u044e \u0432 \u043e\u0442\u043d\u043e\u0448\u0435\u043d\u0438\u0438 \u0436\u0438\u043b\u0438\u0449\u043d\u044b\u0445 \u0443\u0441\u043b\u043e\u0432\u0438\u0439. \u0420\u0430\u0437\u043c\u0435\u043d \u043d\u0435\u043f\u0440\u0438\u0432\u0430\u0442\u0438\u0437\u0438\u0440\u043e\u0432\u0430\u043d\u043d\u043e\u0439 \u043a\u0432\u0430\u0440\u0442\u0438\u0440\u044b \u0447\u0435\u0440\u0435\u0437 \u0441\u0443\u0434 \u043f\u0440\u043e\u0438\u0441\u0445\u043e\u0434\u0438\u0442...", "author": 90, "pub_date": "2018-02-21T03:59:36Z", "status": 2, "like_count": 0, "reply_count": 0}}, {"model": "entry.entry", "pk": 33, "fields": {"content": "\u041f\u0440\u0438\u043d\u0443\u0434\u0438\u0442\u0435\u043b\u044c\u043d\u043e\u0439 \u043e\u0431\u043c\u0435\u043d \u041d\u0435\u043f\u0440\u0438\u0432\u0430\u0442\u0438\u0437\u0438\u0440\u043e\u0432\u0430\u043d\u043d\u043e\u0439 \u043a\u0432\u0430\u0440\u0442\u0438\u0440\u044b \u0447\u0435\u0440\u0435\u0437 \u0441\u0443\u0434. \u041d\u0435 \u043f\u0440\u0438\u0432\u0430\u0442\u0438\u0437\u0438\u0440\u043e\u0432\u0430\u043d\u043d\u043e\u0435 \u0436\u0438\u043b\u044c\u0435 \u043c\u043e\u0436\u0435\u0442 \u0431\u044b\u0442\u044c \u043f\u0440\u0435\u0434\u043e\u0441\u0442\u0430\u0432\u043b\u0435\u043d\u043e \u0433\u0440\u0430\u0436\u0434\u0430\u043d\u0430\u043c \u0441\u043e\u0433\u043b\u0430\u0441\u043d\u043e \u0434\u043e\u0433\u043e\u0432\u043e\u0440\u0443 \u0441\u043e\u0446\u0438\u0430\u043b\u044c\u043d\u043e\u0433\u043e \u043d\u0430\u0439\u043c\u0430.", "author": 3, "pub_date": "2018-02-21T04:10:27Z", "status": 2, "like_count": 0, "reply_count": 0}}, {"model": "entry.entry", "pk": 34, "fields": {"content": "\u0422\u043e\u0432\u0430\u0440\u043d\u044b\u0439 \u043a\u0440\u0435\u0434\u0438\u0442 \u0442\u0440\u0435\u0431\u0443\u0435\u0442 \u0430\u043a\u0446\u0435\u043f\u0442, \u0443\u0447\u0438\u0442\u044b\u0432\u0430\u044f \u043d\u0435\u0434\u043e\u0441\u0442\u0430\u0442\u043e\u0447\u043d\u0443\u044e \u0442\u0435\u043e\u0440\u0435\u0442\u0438\u0447\u0435\u0441\u043a\u0443\u044e \u043f\u0440\u043e\u0440\u0430\u0431\u043e\u0442\u0430\u043d\u043d\u043e\u0441\u0442\u044c \u044d\u0442\u043e\u0439 \u043e\u0442\u0440\u0430\u0441\u043b\u0438 \u043f\u0440\u0430\u0432\u0430. \u041d\u043e\u0440\u043c\u0430, \u043f\u0440\u0438 \u0431\u043b\u0438\u0436\u0430\u0439\u0448\u0435\u043c \u0440\u0430\u0441\u0441\u043c\u043e\u0442\u0440\u0435\u043d\u0438\u0438, \u043f\u0440\u0435\u0434\u043e\u0441\u0442\u0430\u0432\u043b\u044f\u0435\u0442 \u0434\u0435\u0435\u0441\u043f\u043e\u0441\u043e\u0431\u043d\u044b\u0439 \u043f\u0440\u0438\u0447\u0438\u043d\u0435\u043d\u043d\u044b\u0439 \u0443\u0449\u0435\u0440\u0431. \u041a\u043e\u043d\u043e\u0441\u0430\u043c\u0435\u043d\u0442 \u043a\u0430\u0442\u0430\u0441\u0442\u0440\u043e\u0444\u0438\u0447\u043d\u043e \u0434\u043e\u043a\u0430\u0437\u044b\u0432\u0430\u0435\u0442 \u043f\u0440\u0430\u0432\u043e\u043c\u0435\u0440\u043d\u044b\u0439 \u0438\u043d\u0434\u043e\u0441\u0441\u0430\u043c\u0435\u043d\u0442. \u0411\u0430\u043d\u043a\u0440\u043e\u0442\u0441\u0442\u0432\u043e \u0444\u043e\u0440\u043c\u0438\u0440\u0443\u0435\u0442 \u0443\u043c\u044b\u0441\u0435\u043b.\r\n\r\n> \u0428\u0442\u0440\u0430\u0444 \u0434\u043e\u0431\u0440\u043e\u0441\u043e\u0432\u0435\u0441\u0442\u043d\u043e \u0438\u0441\u043f\u043e\u043b\u044c\u0437\u0443\u0435\u0442 \u0438\u043c\u043f\u0435\u0440\u0430\u0442\u0438\u0432\u043d\u044b\u0439 \u043e\u0431\u044b\u0447\u0430\u0439 \u0434\u0435\u043b\u043e\u0432\u043e\u0433\u043e \u043e\u0431\u043e\u0440\u043e\u0442\u0430. \u041e\u0431\u044f\u0437\u0430\u0442\u0435\u043b\u044c\u0441\u0442\u0432\u043e \u043d\u0430\u0441\u043b\u0435\u0434\u0443\u0435\u0442 \u0434\u043e\u0433\u043e\u0432\u043e\u0440, \u044d\u0442\u043e \u043f\u0440\u0438\u043c\u0435\u043d\u0438\u043c\u043e \u0438 \u043a \u0438\u0441\u043a\u043b\u044e\u0447\u0438\u0442\u0435\u043b\u044c\u043d\u044b\u043c \u043f\u0440\u0430\u0432\u0430\u043c.", "author": 111, "pub_date": "2018-02-21T04:53:38Z", "status": 2, "like_count": 0, "reply_count": 0}}, {"model": "entry.entry", "pk": 35, "fields": {"content": "\u0411\u0435\u0437\u0432\u043e\u0437\u043c\u0435\u0437\u0434\u043d\u043e\u0435 \u0438\u0437\u044a\u044f\u0442\u0438\u0435, \u043a\u0430\u043a \u043d\u0435\u043e\u0434\u043d\u043e\u043a\u0440\u0430\u0442\u043d\u043e \u043d\u0430\u0431\u043b\u044e\u0434\u0430\u043b\u043e\u0441\u044c \u043f\u0440\u0438 \u0447\u0440\u0435\u0437\u043c\u0435\u0440\u043d\u043e\u043c \u0432\u043c\u0435\u0448\u0430\u0442\u0435\u043b\u044c\u0441\u0442\u0432\u0435 \u0433\u043e\u0441\u0443\u0434\u0430\u0440\u0441\u0442\u0432\u0430 \u0432 \u0434\u0430\u043d\u043d\u044b\u0435 \u043f\u0440\u0430\u0432\u043e\u043e\u0442\u043d\u043e\u0448\u0435\u043d\u0438\u044f, \u0437\u0430\u043a\u043e\u043d\u043e\u0434\u0430\u0442\u0435\u043b\u044c\u043d\u043e \u043f\u043e\u0434\u0442\u0432\u0435\u0440\u0436\u0434\u0430\u0435\u0442 \u043a\u043e\u043d\u0444\u0438\u0434\u0435\u043d\u0446\u0438\u0430\u043b\u044c\u043d\u044b\u0439 \u0433\u0430\u0440\u0430\u043d\u0442. \u041c\u0443\u043d\u0438\u0446\u0438\u043f\u0430\u043b\u044c\u043d\u0430\u044f \u0441\u043e\u0431\u0441\u0442\u0432\u0435\u043d\u043d\u043e\u0441\u0442\u044c \u0437\u0430\u043a\u043e\u043d\u043e\u0434\u0430\u0442\u0435\u043b\u044c\u043d\u043e \u043f\u043e\u0434\u0442\u0432\u0435\u0440\u0436\u0434\u0430\u0435\u0442 \u0437\u0430\u0434\u0430\u0442\u043e\u043a. \u0417\u0430\u0434\u0430\u0442\u043e\u043a \u0441\u0432\u043e\u0435\u0432\u0440\u0435\u043c\u0435\u043d\u043d\u043e \u0438\u0441\u043f\u043e\u043b\u043d\u044f\u0435\u0442 \u0437\u0430\u043a\u043e\u043d, \u0447\u0442\u043e \u043d\u0435 \u0438\u043c\u0435\u0435\u0442 \u0430\u043d\u0430\u043b\u043e\u0433\u043e\u0432 \u0432 \u0430\u043d\u0433\u043b\u043e-\u0441\u0430\u043a\u0441\u043e\u043d\u0441\u043a\u043e\u0439 \u043f\u0440\u0430\u0432\u043e\u0432\u043e\u0439 \u0441\u0438\u0441\u0442\u0435\u043c\u0435. \u041e\u0433\u0440\u0430\u043d\u0438\u0447\u0435\u043d\u043d\u0430\u044f \u043e\u0442\u0432\u0435\u0442\u0441\u0442\u0432\u0435\u043d\u043d\u043e\u0441\u0442\u044c \u0443\u0433\u043e\u043b\u043e\u0432\u043d\u043e \u043d\u0430\u043a\u0430\u0437\u0443\u0435\u043c\u0430. \u0421\u0443\u0431\u044a\u0435\u043a\u0442 \u0441\u0443\u0431\u044a\u0435\u043a\u0442\u0438\u0432\u043d\u043e \u043d\u0430\u0441\u043b\u0435\u0434\u0443\u0435\u0442 \u043f\u043b\u0430\u0442\u0435\u0436\u043d\u044b\u0439 \u0423\u043a\u0430\u0437, \u0445\u043e\u0442\u044f \u0437\u0430\u043a\u043e\u043d\u043e\u0434\u0430\u0442\u0435\u043b\u044c\u0441\u0442\u0432\u043e\u043c \u043c\u043e\u0436\u0435\u0442 \u0431\u044b\u0442\u044c \u0443\u0441\u0442\u0430\u043d\u043e\u0432\u043b\u0435\u043d\u043e \u0438\u043d\u043e\u0435.", "author": 619, "pub_date": "2018-02-21T04:53:38Z", "status": 2, "like_count": 0, "reply_count": 0}}, {"model": "entry.files", "pk": 5, "fields": {"entry": 12, "file": "entries/2017/12/17/\u0421\u043d\u0438\u043c\u043e\u043a_\u044d\u043a\u0440\u0430\u043d\u0430_2017-12-12_\u0432_13.20.23.png"}}, {"model": "entry.files", "pk": 6, "fields": {"entry": 22, "file": "entries/2018/02/18/\u0418\u0434\u0435\u044f_14.02.2018.docx"}}, {"model": "entry.files", "pk": 7, "fields": {"entry": 22, "file": "entries/2018/02/18/\u041a\u0440\u0438\u043f\u0442\u043e\u043f\u043e\u0440\u0442\u0444\u0435\u043b\u044c.xlsx"}}, {"model": "entry.files", "pk": 8, "fields": {"entry": 22, "file": "entries/2018/02/18/\u0421\u043d\u0438\u043c\u043e\u043a_\u044d\u043a\u0440\u0430\u043d\u0430_2018-02-13_\u0432_20.49.52.png"}}, {"model": "entry.likes", "pk": 4, "fields": {"entry": 1, "user": 1, "date": "2017-12-18T04:33:26Z", "value": 1}}, {"model": "entry.likes", "pk": 11, "fields": {"entry": 7, "user": 1, "date": "2017-12-18T04:44:38Z", "value": 1}}, {"model": "entry.likes", "pk": 13, "fields": {"entry": 24, "user": 7, "date": "2018-02-20T03:00:33Z", "value": 1}}, {"model": "entry.likes", "pk": 15, "fields": {"entry": 24, "user": 1, "date": "2018-02-20T03:24:19Z", "value": 1}}, {"model": "entry.likes", "pk": 16, "fields": {"entry": 24, "user": 3, "date": "2018-02-20T03:26:03Z", "value": 1}}, {"model": "entry.likes", "pk": 21, "fields": {"entry": 25, "user": 27, "date": "2018-02-20T03:43:43Z", "value": -1}}, {"model": "entry.question", "pk": 1, "fields": {"title": "\u0410\u043d\u0442\u0438\u043c\u043e\u043d\u043e\u043f\u043e\u043b\u044c\u043d\u044b\u0439 \u0432\u0437\u0430\u0438\u043c\u043e\u0437\u0430\u0447\u0435\u0442 \u2014 \u0430\u043a\u0442\u0443\u0430\u043b\u044c\u043d\u0430\u044f \u043d\u0430\u0446\u0438\u043e\u043d\u0430\u043b\u044c\u043d\u0430\u044f \u0437\u0430\u0434\u0430\u0447\u0430?", "is_pay": false, "rubrics": [137]}}, {"model": "entry.question", "pk": 6, "fields": {"title": "\u041c\u043e\u0433\u0443\u0442 \u043b\u0438 \u043c\u0435\u043d\u044f \u043f\u0440\u0438\u043d\u0443\u0434\u0438\u0442\u0435\u043b\u044c\u043d\u043e \u0437\u0430\u0441\u0442\u0430\u0432\u0438\u0442\u044c \u0441\u0434\u0435\u043b\u0430\u0442\u044c \u0442\u0435\u0441\u0442 \u0414\u041d\u041a?", "is_pay": true, "rubrics": [32]}}, {"model": "entry.question", "pk": 9, "fields": {"title": "\u041a\u0430\u043a \u0441\u043b\u0443\u0436\u0438\u0442\u044c \u043b\u044e\u0434\u044f\u043c?", "is_pay": false, "rubrics": [104]}}, {"model": "entry.question", "pk": 22, "fields": {"title": "\u041f\u043e\u0441\u043e\u0431\u0438\u0435 \u043d\u0430 \u043f\u0435\u0440\u0432\u043e\u0433\u043e \u0440\u0435\u0431\u0435\u043d\u043a\u0430", "is_pay": true, "rubrics": [23, 32]}}, {"model": "entry.question", "pk": 23, "fields": {"title": "\u041a\u0430\u043a\u043e\u0432 \u0441\u0440\u043e\u043a \u0434\u0430\u0432\u043d\u043e\u0441\u0442\u0438 \u0438\u0441\u043a\u043e\u0432\u043e\u0433\u043e \u0437\u0430\u044f\u0432\u043b\u0435\u043d\u0438\u044f?", "is_pay": false, "rubrics": [36]}}, {"model": "entry.answer", "pk": 7, "fields": {"on_question": 6, "parent": null}}, {"model": "entry.answer", "pk": 10, "fields": {"on_question": 9, "parent": null}}, {"model": "entry.answer", "pk": 12, "fields": {"on_question": 9, "parent": 10}}, {"model": "entry.answer", "pk": 24, "fields": {"on_question": 22, "parent": null}}, {"model": "entry.answer", "pk": 25, "fields": {"on_question": 22, "parent": null}}, {"model": "entry.answer", "pk": 26, "fields": {"on_question": 22, "parent": null}}, {"model": "entry.answer", "pk": 27, "fields": {"on_question": 22, "parent": 24}}, {"model": "entry.answer", "pk": 28, "fields": {"on_question": 22, "parent": 24}}, {"model": "entry.answer", "pk": 29, "fields": {"on_question": 22, "parent": 26}}, {"model": "entry.answer", "pk": 30, "fields": {"on_question": 22, "parent": 26}}, {"model": "entry.answer", "pk": 31, "fields": {"on_question": 22, "parent": 26}}, {"model": "entry.answer", "pk": 32, "fields": {"on_question": 22, "parent": null}}, {"model": "entry.answer", "pk": 33, "fields": {"on_question": 22, "parent": null}}, {"model": "entry.answer", "pk": 34, "fields": {"on_question": 23, "parent": null}}, {"model": "entry.answer", "pk": 35, "fields": {"on_question": 23, "parent": null}}, {"model": "entry.consultstate", "pk": 1, "fields": {"key": "new", "state": "\u041d\u043e\u0432\u0430\u044f"}}, {"model": "entry.consultstate", "pk": 2, "fields": {"key": "paid", "state": "\u041e\u043f\u043b\u0430\u0447\u0435\u043d\u0430"}}, {"model": "entry.consultstate", "pk": 3, "fields": {"key": "inwork", "state": "\u0412 \u0440\u0430\u0431\u043e\u0442\u0435"}}, {"model": "entry.consultstate", "pk": 4, "fields": {"key": "answered", "state": "\u041e\u0442\u0432\u0435\u0442 \u044d\u043a\u0441\u043f\u0435\u0440\u0442\u0430"}}, {"model": "entry.consultstate", "pk": 5, "fields": {"key": "closed", "state": "\u0417\u0430\u043a\u0440\u044b\u0442"}}, {"model": "entry.consult", "pk": 1, "fields": {"question": 6, "expert": 1, "state": 5, "cost": 1000}}, {"model": "entry.consult", "pk": 2, "fields": {"question": 22, "expert": 1, "state": 3, "cost": 1000}}]
